episode,mean_return,loss,tp_loss,entropy
0,-11523.1221,8.434492,0.012559,2.185079
10,-8893.1953,27.840355,0.012033,1.847313
